name,price,code,qty,is_active,gambar,variant_name,variant_price,variant_sku,variant_stock,variant_is_active
Paket Gift 70K,70000,PRD-GIFT70,100,1,uploads/products/gift70k.jpg,,,,
Paket Gift 100K,100000,,50,aktif,uploads/products/gift100k.jpg,,,,
Stand HP,80000,PRD-STAND,,1,uploads/products/stand-hp.jpg,Ukuran S,80000,SKU-S-S,10,1
Stand HP,80000,PRD-STAND,,1,uploads/products/stand-hp.jpg,Ukuran M,90000,SKU-S-M,15,1
Stand HP,80000,PRD-STAND,,1,uploads/products/stand-hp.jpg,Ukuran L,100000,SKU-S-L,20,1
Vase,70000,PRD-VASE,50,1,uploads/products/vase.jpg,Warna Merah,70000,SKU-V-RED,5,1
Vase,70000,PRD-VASE,50,1,uploads/products/vase.jpg,Warna Biru,75000,SKU-V-BLUE,8,1
